{"1": 423.8, "2": 493.325, "3": 423.1166666666666, "4": 412.425, "5": 459.07, "6": 424.9416666666667, "7": 425.14285714285717, "8": 434.0375, "9": 451.2611111111111, "10": 437.23, "11": 443.97727272727263, "12": 432.73333333333323, "13": 441.6461538461539, "14": 451.4249999999999, "15": 453.64000000000004, "16": 583.9}