{"1": 870.7, "2": 1113.75, "3": 899.8666666666666, "4": 887.975, "5": 968.1, "6": 910.0166666666667, "7": 931.0999999999998, "8": 939.2375, "9": 960.4222222222224, "10": 977.55, "11": 984.3727272727272, "12": 985.1166666666666, "13": 1011.5076923076924, "14": 1009.2999999999998, "15": 1002.8333333333334, "16": 1511.85625}