{"1": 6963.0, "2": 9377.0, "3": 7514.666666666667, "4": 7478.5, "5": 8654.0, "6": 8114.166666666667, "7": 8229.57142857143, "8": 8335.25, "9": 8411.444444444445, "10": 8402.2, "11": 8519.363636363636, "12": 8544.333333333334, "13": 8486.23076923077, "14": 8548.357142857143, "15": 8588.4, "16": 10479.625}