{"1": 4018.0, "2": 5446.5, "3": 4258.333333333333, "4": 4103.75, "5": 4789.4, "6": 4322.333333333333, "7": 4325.285714285715, "8": 4377.75, "9": 4576.888888888889, "10": 4592.9, "11": 4638.090909090909, "12": 4701.416666666667, "13": 4774.076923076923, "14": 4802.5, "15": 4801.0, "16": 6552.3125}