{"1": 2050.1, "2": 2681.1, "3": 2205.833333333333, "4": 2248.2, "5": 2502.34, "6": 2377.5000000000005, "7": 2379.871428571428, "8": 2405.75, "9": 2417.222222222222, "10": 2433.37, "11": 2436.6727272727276, "12": 2447.583333333333, "13": 2456.076923076923, "14": 2451.6214285714286, "15": 2455.0133333333333, "16": 3644.675}